"Artículo","Tema","Subtema","Categorías","Resumen"
"73","Régimen de Ahorro Individual con Solidaridad","Requisitos y monto","Reglas de pensión de sobrevivientes, referencia a Artículos previos (46 y 48)","Los requisitos y el monto de la pensión de sobrevivientes se regulan conforme a los Artículos 46 y 48 de la Ley, aplicables al régimen de capitalización individual con solidaridad."
"74","Régimen de Ahorro Individual con Solidaridad","Beneficiarios","Cónyuge/compañero permanente, hijos, padres, condiciones de dependencia económica y convivencia","Cónyuge/compañero permanente: vitalicio, con convivencia mínima de 2 años o hijos en común. Hijos: menores de 18 años; 18-25 años incapacitados por estudios si dependían económicamente; hijos inválidos dependientes del causante. Padres: beneficiarios si no hay cónyuge, compañero o hijos con derecho y dependían económicamente del causante."
"75","Régimen de Ahorro Individual con Solidaridad","Pensión mínima de sobrevivientes","Garantía estatal, principio de solidaridad, monto mínimo","El Estado garantiza el complemento necesario para que los sobrevivientes reciban pensión mínima equivalente al 100% del salario mínimo legal mensual."
"76","Régimen de Ahorro Individual con Solidaridad","Destino del capital acumulado","Masa sucesoral, Fondo de Solidaridad Pensional","Si no hay beneficiarios, el capital acumulado en la cuenta individual entra a la masa sucesoral del causante. Si no hay causahabientes hasta el 5º orden, se destina al Fondo de Solidaridad Pensional."
"77","Régimen de Ahorro Individual con Solidaridad","Fuentes de financiación","Cuenta individual, bono pensional, aseguradora, cotizaciones voluntarias, pensión de pensionado, contrato con aseguradora distinta","Muerte del afiliado: financiación con cuenta individual (cotizaciones obligatorias), bono pensional si aplica y suma adicional de aseguradora. Cotizaciones voluntarias solo se usan si es necesario para pensión mínima o para incrementar pensión con acuerdo de beneficiarios. Muerte de pensionado: financiación con recursos de la pensión de vejez o invalidez; exceso de saldo puede incrementar pensión o integrar la masa sucesoral. Beneficiarios pueden contratar pensión con otra aseguradora."
"78","Régimen de Ahorro Individual con Solidaridad","Capital no suficiente para pensión de sobrevivientes","Devolución de saldo, rendimientos, bono pensional","Si afiliado fallece sin cumplir requisitos, beneficiarios reciben la totalidad del saldo de la cuenta individual con rendimientos y bono pensional si aplica."
"79","Régimen de Ahorro Individual con Solidaridad","Tipos de modalidades","Vejez, invalidez, sobrevivientes, elección del afiliado o beneficiarios","Las pensiones pueden adoptar: a) Renta vitalicia inmediata, b) Retiro programado, c) Retiro programado con renta vitalicia diferida, d) Otras modalidades autorizadas por la Superintendencia Bancaria."
"80","Régimen de Ahorro Individual con Solidaridad","Modalidad renta vitalicia inmediata","Contrato con aseguradora, pago uniforme, pensión mínima, trámites de administradora","Afiliado o beneficiario contrata renta vitalicia con aseguradora elegida; pagos uniformes hasta fallecimiento, Incluye pensión de sobrevivientes según derecho. No puede ser inferior a la pensión mínima vigente. La administradora realiza trámites ante la aseguradora."
"81","Régimen de Ahorro Individual con Solidaridad","Modalidad retiro programado","Cuenta individual, bono pensional, cálculo anualidad, pensión mínima, masa sucesoral","Pensión proviene de la administradora con cargo a la cuenta individual y bono pensional. Se calcula anualidad y pensión mensual = 1/12 de la anualidad. Saldo de cuenta no puede ser inferior al capital necesario para financiar renta vitalicia de salario mínimo, salvo que se aplique garantía de pensión mínima. Saldos remanentes tras fallecimiento integran masa sucesoral o garantía estatal."
"82","Régimen de Ahorro Individual con Solidaridad","Modalidad combinada","Cuenta individual, renta vitalicia diferida, pago mensual, pensión mínima","Afiliado contrata renta vitalicia que inicia en fecha futura, mientras mantiene saldo suficiente en cuenta individual para retiro programado hasta el inicio de la renta. La renta vitalicia diferida no puede ser inferior a la pensión mínima vigente."
"83","Garantía Estatal de Pensión Mínima","Pago de garantía","Retiro programado, renta vitalicia, administradora o aseguradora, pensión mínima","La garantía estatal se paga cuando la anualidad de retiro programado o la renta vitalicia contratada sea inferior a la pensión mínima vigente. La administradora o aseguradora debe gestionar los trámites para que la garantía se haga efectiva."
"84","Garantía Estatal de Pensión Mínima","Exclusión de garantía","Pensión mínima, sumas recibidas","No aplica garantía estatal si las pensiones, rentas y remuneraciones del afiliado o beneficiarios superan la pensión mínima. Nota: Este Artículo fue derogado por la Ley 1955 de 2019."
"85","Prestaciones y Beneficios Adicionales","Capital excedente de cuenta individual","Libre disposición, capital excedente, requisitos de pensión","Los saldos que excedan del capital requerido para pensión pueden ser de libre disposición si: a) Renta vitalicia o retiro programado ≥ 70 % del ingreso base, y ≤ 15 veces la pensión mínima vigente b) Renta vitalicia o retiro programado ≥ 110 % de la pensión mínima legal vigente."
"86","Prestaciones y Beneficios Adicionales","Auxilio por fallecimiento","Monto mínimo y máximo, cobertura por administradora o aseguradora, repetición contra póliza","Pago equivalente al último salario base de cotización o última mesada pensional, mínimo 5 SMMLV, máximo 10 SMMLV. Administradora o aseguradora cubre; pueden repetir contra la póliza correspondiente."
"87","Prestaciones y Beneficios Adicionales","Planes alternativos","Movilidad entre planes, capitalización, aseguradoras, metas mínimas, separación de patrimonios","Afiliados pueden optar por planes alternativos de capitalización y pensiones autorizados por la Superintendencia Bancaria. Deben permitir movilidad entre planes, separando patrimonios; el ingreso a planes alternativos puede implicar renuncia a garantías de rentabilidad mínima o pensión mínima. Obligación de seguir cotizando no eximida."
"88","Prestaciones y Beneficios Adicionales","Inversiones en seguros de vida","Pólizas de seguros individuales, beneficios definidos, riesgos de invalidez y sobrevivencia, pensión mínima","Sociedades administradoras pueden invertir en seguros de vida individuales ajustados por inflación para garantizar pensión mínima. Gobierno reglamentará porcentaje máximo de inversión en estas pólizas."
"89","Prestaciones y Beneficios Adicionales","Uso del exceso de capital","Crédito de vivienda y educación, capital excedente, reglamentación","Afiliado con capital acumulado suficiente (>110 % pensión mínima) puede usar el exceso como garantía para créditos de vivienda y educación, según reglamentación."
"90","Administradoras del Régimen de Ahorro Individual con Solidaridad","Tipos de administradoras","Sociedades administradoras de fondos de pensiones, sector público, sector social solidario, cajas de compensación familiar, compañías de seguros","Fondos de pensiones administrados por sociedades autorizadas. Cajas, cooperativas, sindicatos, fondos mutuos y aseguradoras pueden ser socias, con regulación de participación accionaria para democratización."
"91","Administradoras del Régimen de Ahorro Individual con Solidaridad","Requisitos especiales","Sociedad anónima o institución solidaria, patrimonio mínimo, contabilidad separada, oferta pública de acciones, capacidad técnica","Deben cumplir requisitos de Ley 45 de 1990 + patrimonio específico, contabilidad separada, ofrecer acciones a sector social solidario y afiliados, y tener capacidad técnica suficiente. Autorizadas a administrar varios planes simultáneamente si acreditan capacidad administrativa."
"92","Administradoras del Régimen de Ahorro Individual con Solidaridad","Limitación de capital","Evitar concentración económica, límite de capital, modificación por Gobierno Nacional","Capital máximo de sociedades administradoras ≤ 10 veces el monto mínimo establecido; Gobierno puede modificar según evolución del régimen."
"93","Administradoras de Fondos de Pensiones","Participación en capital social","Financiamiento estatal, presupuesto nacional, estímulo financiero","Gobierno establece mecanismos para que entidades del sector social solidario puedan participar en el capital social de administradoras de fondos de pensiones. Monto del estímulo según necesidad de cada entidad y capacidad de pago."
"94","Administradoras de Fondos de Pensiones","Patrimonio y límites","Patrimonio técnico, activos máximos, riesgos","Gobierno fija reglas para mantener niveles adecuados de patrimonio. Nivel de activos administrados ≤ 40 veces el patrimonio técnico."
"95","Planes de Pensiones","Aprobación por Superintendencia Bancaria","Administradoras, aseguradoras, planes de capitalización","Toda entidad que administre fondos de pensiones debe someter sus planes a aprobación de la Superintendencia Bancaria."
"96","Planes de Pensiones","Requisitos de cobertura","Amparo a afiliados y pensionados, riesgos, condiciones específicas","Planes deben cubrir todos los riesgos previstos y no podrán modificarse posteriormente en perjuicio de los afiliados."
"97","Fondos de Pensiones","Patrimonio autónomo","Propiedad de afiliados, independencia de administradora, contabilidad","Fondos de pensiones constituyen patrimonio autónomo, independiente de la administradora. Contabilidad se rige por normas de la Superintendencia Bancaria."
"98","Control y Participación","Representación de afiliados","Revisor fiscal, representantes de afiliados, juntas directivas","Afiliados eligen revisor fiscal y 2 representantes con voz (sin voto) en juntas directivas. Fondos de pensiones y cesantías tendrán en total dos representantes de afiliados."
"99","Garantías de Administradoras y Aseguradoras","Protección de recursos","Fondo de Garantías, reembolso de cuentas individuales, límites máximos, Superintendencia Bancaria","Administradoras deben mantener garantías adecuadas. Fondo de Garantías asegura reembolso de cuentas individuales: 100 % cotizaciones obligatorias + rendimientos Hasta 150 SMMLV para cotizaciones voluntarias."
100,Inversiones,Límites y condiciones,"Seguridad, rentabilidad, liquidez, fondos de capital privado, infraestructura, títulos de deuda pública, Superintendencia de Valores","Inversiones deben garantizar seguridad, rentabilidad y liquidez. Mínimo 3 % en fondos de capital privado/deuda privada, inversiones deben fortalecer economía local. Límite inversión en títulos de deuda pública ≤ 50 % de los fondos. Gobierno regula transacciones y bolsas de valores; Superintendencia de Valores controla destinatarios."
101,Rendimientos de Fondos,Garantía de rentabilidad,"Abono a cuentas individuales, responsabilidad de administradoras, metodología del Gobierno","Rendimientos abonados prorrata a cuentas individuales. Administradoras garantizan rentabilidad mínima según metodología del Gobierno. Si no se alcanza, administradora responde con recursos propios y reserva de estabilización."
102,Rentabilidad Mínima,Liquidación, fusión o retiro del afiliado,"Abono a cuentas individuales, proporcionalidad, estabilidad de rentabilidad","Recursos de cuenta especial se abonan a cuentas individuales de afiliados en liquidación, fusión o retiro. Se reconoce rentabilidad mínima proporcional a favor del afiliado."
103,Transparencia,Información a afiliados,"Publicación de rentabilidad, periodicidad, supervisión de Superintendencia Bancaria","Administradoras deben publicar rentabilidad de planes de capitalización y pensiones según reglas y periodicidad fijada por Superintendencia Bancaria."
104,Administradoras de Fondos de Pensiones,Comisiones de administración,"Límite máximo, cotizaciones voluntarias, reglamentación gubernamental","Administradoras cobrarán comisión a afiliados según topes y condiciones fijados por la Superintendencia Bancaria. Gobierno reglamentará comisiones por cotizaciones voluntarias."
105,Operaciones de las Administradoras,Contratación de servicios financieros,"Recaudo, pago y transferencia de recursos, cobertura nacional","Administradoras pueden contratar instituciones financieras para manejar operaciones de recaudo y pago con cargo a sus propios recursos."
106,Administradoras de Fondos de Pensiones,Normas de publicidad,"Veracidad, presupuesto administrativo, transparencia de comisiones y primas","Toda publicidad debe ser veraz, precisa y financiada solo con presupuesto administrativo. Administradoras deben publicar costos de primas y comisiones periódicamente."
107,Afiliados,Traslado y cambio de plan,"Transferencias, periodicidad, solicitud previa","Afiliados pueden cambiar de plan o entidad administradora máximo 1 vez por semestre, con aviso 30 días antes."
108,Seguros,Pensión de invalidez y sobrevivientes,"Colectivos, modalidad de participación, libre concurrencia de oferentes","Seguros contratados para financiar pensiones deben ser colectivos y de participación. Aseguradoras que paguen rentas vitalicias adoptarán modalidad de participación."
109,Garantía Estatal,Pensiones bajo aseguradoras,"Patrimonio aseguradora, Fondo de Garantías, responsabilidad penal por defraudación","Estado garantiza pago de pensiones en caso de problemas patrimoniales de aseguradoras. Responsabilidad penal por defraudación o malos manejos de administradores y aseguradoras."
110,Supervisión,Entidades administradoras,"Superintendencia Bancaria, control y vigilancia","Superintendencia Bancaria controla y vigila administradoras de planes de capitalización y pensiones."
111,Sanciones,Incumplimiento de patrimonio y reservas,"Multas, Fondo de Solidaridad Pensional, órdenes de corrección","Multa de 3.5 % sobre defecto mensual si no se cumplen niveles de patrimonio o reservas. Superintendencia ordena restablecimiento inmediato de niveles adecuados."
112,Afiliación,Acceso al régimen,"No discriminación, requisitos de afiliación","Todas las personas que cumplan requisitos deben ser aceptadas por administradoras."
113,Traslado entre regímenes,Bonos pensionales,"Prestación definida → Ahorro individual, Ahorro individual → Prestación definida","Se reconocen bonos pensionales según tipo de traslado. Saldo de cuenta individual se transfiere y acredita en semanas cotizadas según salario base."
114,Traslado entre regímenes,Autonomía del afiliado,"Comunicación escrita, libertad de elección, notarización para casos especiales","Afiliados deben presentar comunicación escrita sobre la elección libre y espontánea del régimen. Para trabajadores vinculados hasta 31/12/1990, comunicación adicional ante notario o autoridad local."
115,Bonos pensionales,Beneficiarios,"Requisitos de afiliación, cotizaciones previas, sector público y privado","Bonos pensionales contribuyen al capital para financiar pensiones. Afiliados con cotizaciones previas al ISS, cajas/fondos de previsión, empleo público o empresas con obligación de pensión tienen derecho. Parágrafo: menos de 150 semanas cotizadas al ISS no da derecho a bono."
116,Bonos pensionales,Naturaleza y condiciones,"Nominativos, endosables, interés DTF, expresados en pesos","Bonos son nominativos, endosables a administradoras o aseguradoras, generan interés equivalente a DTF. Otras características serán definidas por el Gobierno."
117,Cálculo del bono,Pensión de referencia,"Salario a edad de pensión, porcentajes por años cotizados, límites máximos, metodología gubernamental","Se calcula una pensión de referencia según salario proyectado a los 60/62 años y años cotizados. Valor nominal del bono debe permitir financiar pensión de vejez y sobrevivientes según referencia. Gobierno establece metodología, procedimiento y plazos. Parágrafo 1-3: Ajustes según tipo de entidad o ingreso posterior a 1992."
118,Bonos pensionales,Tipos de emisión,"Nación, cajas/fondos públicos, empresas privadas o públicas","Tres clases de bonos según emisor: Nación, cajas/fondos públicos no sustituidos, empresas privadas/públicas con obligación de pensión."
119,Emisión de bonos,Entidad responsable,"Última entidad pagadora, mínimo 5 años de cotización, casos especiales para la Nación","Bonos emitidos por última entidad pagadora si el afiliado tiene ≥5 años de cotización; si <5 años, la entidad con mayor tiempo aportado. La Nación emite bonos en ciertos casos específicos."
120,Bonos pensionales,Obligación de contribución,"Cuota parte proporcional al tiempo de servicio en cada entidad","Entidades anteriores deben contribuir al bono según el tiempo aportado por el afiliado respecto al total de cotizaciones."
121,Bonos pensionales,Responsabilidad de la Nación,"ISS, cajas/fondos públicos sustituidos, deuda pública","Nación emite bonos cuando la responsabilidad recae en entidades públicas sustituidas, asumiendo cuotas partes y pagos."
122,Fondos y garantías,Entidades públicas,"Patrimonios autónomos, supervisión, priorización de cotizaciones","Entidades públicas no sustituidas deben destinar recursos a patrimonios autónomos para cumplir obligaciones de bonos y cuotas partes. Nación puede subrogar obligaciones temporalmente."
123,Fondos y garantías,Entidades territoriales,"Emisión de deuda, pignoración de transferencias, supervisión","Entidades territoriales pueden emitir títulos de deuda y pignorar transferencias para pagar bonos y pensiones. Gobierno regula participación de recursos propios y supervisión de Superintendencia Bancaria."
124,Fondos y garantías,Empresas privadas,"Patrimonios autónomos, supervisión, deducibilidad tributaria, excepciones","Empresas con obligación exclusiva de pensión deben garantizar bonos y cuotas partes mediante patrimonios autónomos. Aportes deducibles de renta; excepciones: beneficios diferentes o reservas actuariales según Superintendencia."
125,Bonos pensionales,Inversión en acciones,"Capital excedente, autorización de afiliados, representación frente a emisores","Afiliados con capital suficiente (>110 % pensión mínima) pueden usar bonos para adquirir acciones de empresas públicas en condiciones preferenciales. Administradores representan afiliados ante emisores, con autorización expresa."
126,Bonos pensionales,Clasificación legal,"Prioridad de cobro, privilegio equiparable a salarios y prestaciones","Créditos por bonos y cuotas partes tienen primer rango según el Código Civil, con privilegio igual a salarios, prestaciones sociales o indemnizaciones laborales."
127,Emisión de deuda pública para pensiones,Bonos pensionales a cargo de la Nación,"Bonos y títulos de deuda para pagar pensiones, requisitos: concepto previo de la Junta Directiva del Banco de la República y decreto del Gobierno, administración directa por Ministerio de Hacienda o mediante contratos de agencia, colocación, garantía, administración o servicio","Autoriza al Gobierno emitir títulos de deuda y bonos pensionales para cubrir obligaciones del sistema, con condiciones financieras definidas por decreto y supervisión del Banco de la República. La administración puede ser directa o a través de contratos."
128,Afiliación de servidores públicos,Elección de régimen y derecho a bono pensional,"Derecho a escoger régimen, afiliación a ISS, derecho a bono pensional para servidores públicos, condiciones del régimen seleccionado","Los servidores públicos pueden elegir su régimen de pensiones, manteniendo derechos al bono pensional. La afiliación implica aceptación de las condiciones del régimen escogido."
129,Creación de nuevas entidades de previsión,Limitaciones a nuevas cajas, fondos y entidades,"Prohibición de creación de nuevas entidades de previsión o seguridad social del sector público, excepción: entidades de salud conforme a la Ley","Se prohíbe la creación de nuevas cajas o fondos públicos de pensión, excepto los relacionados con salud."
130,Creación y funciones del Fondo,Administración de pensiones de entidades públicas,"Cuenta de la Nación adscrita al Ministerio de Trabajo, sustituye a cajas insolventes del sector público y la CNPS, pago de pensiones de vejez, invalidez y sobrevivientes, fondo del Congreso mantiene responsabilidad sobre congresistas y empleados","Se crea un fondo nacional que administra las pensiones de los servidores públicos y sustituye a entidades insolventes, garantizando el pago de pensiones existentes."
131,Pago de pasivos pensionales en educación superior,Financiamiento y administración de pasivos,"Fondo para cubrir pasivo pensional existente, financiamiento para Nación, departamentos, distritos y municipios proporcional al presupuesto, representación mediante bonos de valor constante, estudios actuariales con aprobación del Ministerio de Hacienda","Las instituciones educativas deben constituir fondos para pagar pensiones pendientes, financiados por entidades públicas y controlados mediante estudios actuariales."
132,Administración de fondos públicos,Cuentas independientes para distintos riesgos,"Cuentas separadas para pensiones, riesgos profesionales y amparo por enfermedad/maternidad, separación respecto a otros conceptos administrativos","Cada entidad pública debe manejar fondos de pensiones y riesgos en cuentas separadas, asegurando claridad en la administración."
133,Derechos de trabajadores despedidos sin justa causa,Pensión proporcional por omisión del empleador,"Años de servicio, determinación de edad según sexo y años de servicio, base de cálculo de IPC, aplicación a servidores oficiales y privados","Los trabajadores despedidos sin justa causa reciben pensión proporcional según tiempo de servicio, con cálculo basado en salario promedio actualizado."
134,Protección de recursos del sistema,Fondos y pensiones inembargables,"Fondos de pensiones de ahorro individual y prima media, cuentas individuales, rendimientos y seguros de invalidez y sobrevivientes, bonos pensionales y cuotas partes, Fondo de Solidaridad Pensional","Los recursos de los fondos y pensiones son inembargables, protegiendo el ahorro de los afiliados y garantizando seguridad jurídica."
135,Exenciones fiscales para fondos y pensiones,Beneficios tributarios,"Exención de impuestos nacionales sobre renta, IVA y timbre, exentos: ISS, CNPS, fondos de ahorro individual, seguros de invalidez y sobrevivientes, aportes obligatorios y voluntarios no constituyen renta ni ganancia ocasional, aplicable a fondos de Decreto 2513/1987 y seguros privados","Se establece exención tributaria para fondos de pensiones y aportes, incluyendo exención parcial de impuestos sobre renta para pensiones a partir de 1998."
136,Retiro de excedentes de cuentas de ahorro pensional,Gravamen por retiro con fines distintos a pensiones,"Gravamen sobre rentabilidad real si no se destina a pensión","Los excedentes retirados para fines distintos a pensiones están sujetos a impuesto sobre la renta."
137,Cobertura de pensiones por agotamiento de reservas,Responsabilidad del Estado,"Nación cubre faltantes cuando reservas de ISS, CNPS u otras cajas/fondos sustituidos se agoten, cobertura limitada al faltante identificado","El Estado garantiza el pago de pensiones cuando se agoten las reservas de las entidades públicas responsables, asegurando continuidad en el sistema."
138,Garantía estatal de pensiones,Responsabilidad del Estado ante agotamiento de reservas del ISS,"Cobertura de obligaciones del ISS con afiliados, aplicable cuando ingresos y reservas se agoten, cotizaciones debidamente cobradas según la Ley","El Estado garantiza las pensiones del ISS en caso de agotamiento de reservas, siempre que se hayan pagado las cotizaciones legalmente exigidas."
139,Facultades especiales del Presidente de la República,Organización del sistema y regulación de pensiones,"Facultades especiales del Gobierno, gestión de la pensión, financiamiento y estructura, regulación y procedimientos, establecimiento de normas, sanción de la Ley, revisión de la Ley, revisión de las cotizaciones, deuda","Otorga al Presidente facultades extraordinarias por 6 meses para organizar, supervisar y armonizar el sistema de pensiones y riesgos profesionales, incluyendo fondos territoriales, bonos, actualización de pensiones y actividades de alto riesgo."
140,Régimen especial de pensiones por riesgo,Menor edad y semanas de cotización para actividades de alto riesgo,"Delegatura exclusiva para supervisión de administradoras de fondos, determinación de actividades de alto riesgo y ajuste de semanas/montos de pensión, régimen de fondos departamentales y municipales para pensiones públicas, adaptación de cajas y fondos privados al sistema vigente, normas sobre emisión y transacción de bonos pensionales, creación de sociedades sin ánimo de lucro para riesgos profesionales, revisión de cotizaciones sobre nómina, régimen jurídico y financiero de sociedades administradoras, Fondo de Actualización Pensional para pensionados anteriores a 1989, consolidación de deuda de la Nación por reservas del ISS, organización del Sistema General de Riesgos Profesionales, consulta con representantes de Congreso, trabajadores y empleadores sobre actividades de alto riesgo, definición de actividades de alto riesgo (ej. custodia penitenciaria), ajuste de edad de jubilación o semanas de cotización, puntos porcentuales adicionales de cotización según actividad","El Gobierno define actividades de alto riesgo para servidores públicos, permitiendo jubilación anticipada o menor número de semanas, y ajusta cotizaciones según riesgo."
141,Mora en pago de pensiones,Intereses sobre mesadas pensionales,"Aplicable desde el 1 de enero de 1994, pago adicional al pensionado de la tasa máxima de interés moratorio vigente","Los pensionados recibirán intereses de mora si las mesadas se pagan con retraso, calculados según la tasa máxima vigente."
142,Mesada adicional para pensionados antiguos,Pago de 30 días de pensión anual,"Pensionados antiguos, Jubilación, Invalidez, Vejez, Sobrevivientes, Reconocidas antes de 1988, Cobro anual en junio desde 1994, Excepción pensionados de vejez nacional (1996), Límite 15 SMLMV","Pensionados antiguos reciben una mesada adicional anual equivalente a 30 días de pensión, respetando topes máximos."
143,Reajuste de pensiones,Ajuste mensual según cotización de salud,"Pensiones reconocidas antes de 1994, Cotización salud a cargo del pensionado, Posible reducción proporcional Consejo Nacional, Gastos de salud 1993 con cargo Seguro IVM","Pensionados previos a 1994 tienen derecho a reajuste mensual de pensión vinculado a cotización de salud, con ajustes especiales según monto y número de beneficiarios."
144,Continuidad de pensiones de sobrevivientes,Reconocimiento a ascendientes de asegurados fallecidos,"Pensiones sobrevivientes reconocidas hasta 1990, Vigencia de condiciones originales","Las pensiones de sobrevivientes reconocidas antes de 1990 mantienen su vigencia y condiciones originales."
145,Financiamiento territorial de pensiones,Fondo mínimo con transferencias adicionales,"Transferencias impuesto de renta, Contribución industria petrolera, Destino mínimo 5% a fondo de pensiones, Inversión de saldos en deuda pública nacional","Entidades territoriales destinan un mínimo del 5% de ciertas transferencias a un fondo para pagar pensiones, con inversión en títulos públicos."
146,Continuidad de disposiciones locales,Derechos pensionales individuales previos a la Ley,"Disposiciones municipales/departamentales, Pensiones extralegales, Derecho a pensionarse en dos años, Vigencia desde sanción de la Ley","Se respetan derechos pensionales individuales establecidos por normas locales antes de la Ley, garantizando continuidad y cumplimiento."
147,Pensión a desmovilizados de procesos de paz,Requisitos y régimen aplicable,"Edad según Ley, Cotización mínima 500 semanas, Régimen Prima Media con Prestación Definida","Desmovilizados de procesos de paz pueden acceder a pensión mínima en el régimen de Prima Media con Prestación Definida, cumpliendo cotización mínima."
148,Pensiones especiales,Beneficio a deportistas olímpicos y campeonatos mundiales,"Deportistas destacados escasos recursos, Juegos Olímpicos, Campeonatos mundiales, Pensión máxima 3 SMLMV, Cumplimiento requisitos legales","Deportistas destacados de escasos recursos pueden recibir pensión especial, limitada a 3 salarios mínimos mensuales."
149,Transferencia de pago de pensiones,Responsabilidad del ISS,"Beneficiarios de EMPOS, Empresas productoras de metales preciosos, ISS asume pensiones y servicios médicos, Transferencias del presupuesto nacional","ISS se encarga de pagar pensiones de beneficiarios de EMPOS y empresas liquidadas, incluyendo servicio médico, con respaldo presupuestal."
150,Reajuste de pensión de funcionarios públicos,Inclusión de sueldos posteriores a resolución de jubilación,"Derecho a reliquidación ingreso base, Sueldos posteriores a jubilación, No obliga retiro antes edad forzosa","Funcionarios pueden actualizar su pensión incluyendo salarios devengados después de notificación de jubilación, sin forzar retiro."
151,Inicio del sistema,Fechas de entrada en vigencia,"Vigencia general 1994, Funcionamiento anticipado administradoras, Servidores públicos departamentales/municipales hasta 1995","El Sistema General de Pensiones entra en vigencia el 1 de abril de 1994, con plazo hasta junio de 1995 para servidores públicos territoriales."
152,Creación del Sistema General de Seguridad Social en Salud,Dirección organización y regulación,"Establecimiento del sistema, Acceso universal, Regulación servicios públicos, Competencias de prestación pública, Marco legal vigente, Excepción medicamentos","La Ley establece el Sistema General de Seguridad Social en Salud, garantizando acceso universal, regulando competencias públicas y privadas y excluyendo medicamentos."
153,Principios rectores del sistema de salud,Normas y valores,"Equidad, Obligatoriedad, Protección integral, Libre escogencia, Autonomía institucional, Descentralización, Participación social, Concertación, Calidad","El sistema se basa en equidad, obligatoriedad, atención integral, libertad de elección, autonomía institucional, descentralización y calidad."
154,Rol del Estado en el sistema de salud,Competencias y objetivos de supervisión,"Garantizar principios constitucionales, Obligatoriedad, Dirección, Coordinación, Control, Ampliación de cobertura, Atención básica gratuita, Descentralización, Uso adecuado de recursos, Asignación prioritaria del gasto","El Estado interviene para garantizar principios, obligatoriedad, control, cobertura progresiva, atención básica gratuita y uso eficiente de recursos."
155,Composición del sistema de salud,Organismos entidades y participantes,"Ministerios de Salud y Trabajo, Consejo Nacional, Superintendencia Salud, EPS, Direcciones seccionales, Fondo de Solidaridad, IPS, Entidades adscritas, Empleadores, Trabajadores, Pensionados, Beneficiarios, Comités comunitarios, ISS funciones","Define los organismos, entidades, empleadores, trabajadores, beneficiarios y comités que integran el sistema, y mantiene funciones específicas del ISS."
156,Funcionamiento y alcance del sistema,Organización afiliación cobertura y financiamiento,"Dirección estatal, Afiliación obligatoria, POS, Recaudo de cotizaciones, EPS administración, UPC, Libre elección EPS e IPS, Asociaciones usuarios, Régimen subsidiado, Fondo de Solidaridad, Consejo Nacional, Financiación territorial, Cobertura universal","El sistema asegura dirección estatal, afiliación obligatoria, Plan Obligatorio de Salud, cobertura subsidiada, Fondo de Solidaridad y participación territorial y comunitaria."
157,Clasificación de participantes,Afiliados y vinculados,"Afiliados régimen contributivo, Afiliados régimen subsidiado, Población prioritaria, Participantes vinculados, Afiliación universal progresiva, Afiliación individual/colectiva, Asociaciones de usuarios, Grupos priorizados al subsidio","Define los tipos de afiliados y vinculados al sistema, diferenciando entre régimen contributivo y subsidiado, asegurando progresiva universalidad."
158,Acceso a beneficios de salud para desmovilizados,Régimen subsidiado temporal,"Desmovilizados procesos de paz, Régimen subsidiado, Cobertura temporal hasta régimen contributivo","Los desmovilizados de procesos de paz tienen derecho a beneficios de salud en el régimen subsidiado hasta que puedan afiliarse al contributivo."
159,Derechos de los afiliados,Acceso atención y participación,"Atención POS, Atención de urgencias, Libre escogencia EPS, Elección IPS y profesionales, Participación en representación y veeduría","Garantiza a los afiliados atención integral, libre elección de EPS e IPS, acceso a urgencias y participación en instancias de control."
160,Obligaciones de los usuarios,Cumplimiento y cuidado en salud,"Cuidado integral de salud, Afiliación familiar, Pago de cotizaciones, Información veraz, Vigilancia empleadores, Cumplimiento normas, Uso racional recursos, Respeto al personal y pacientes","Define las responsabilidades de los afiliados en cuidado de salud, pago de cotizaciones, información veraz, normas y respeto."
161,Obligaciones de los empleadores,Afiliación cotizaciones y ambiente laboral,"Afiliación trabajadores, Financiamiento sistema, Pago aportes, Información novedades, Garantía ambiente seguro, Sanciones incumplimiento","Establece que los empleadores deben afiliar a sus trabajadores, aportar cotizaciones, informar novedades, garantizar condiciones seguras y responder por negligencias."
162,Plan Obligatorio de Salud,Cobertura y contenido,"Acceso universal 2001, Protección integral familias, Promoción prevención diagnóstico tratamiento rehabilitación, Régimen contributivo, Régimen subsidiado, Transición progresiva, Servicios hospitalarios, Actualización periódica, Reaseguro alto costo, Sistema referencia, Urgencias","Establece un POS con protección integral y progresiva, asegurando cobertura hospitalaria, actualización de servicios, reaseguro de alto costo y acceso mediante referencia."
163,Beneficiarios del POS,Cobertura familiar y dependientes,"Cónyuge/compañero permanente, Hijos <18 dependientes, Hijos >18 incapacidad, Hijos <25 estudiantes dependientes, Padres dependientes no pensionados, Inclusión hijos incapacidad, Recién nacidos beneficiarios automáticos, UPC recién nacidos","El POS cubre a cónyuges, hijos y padres dependientes, incluyendo disposiciones especiales para hijos con incapacidad y recién nacidos."
164,Restricciones sobre preexistencias,Acceso a servicios y cotización,"Prohibición preexistencias EPS, Períodos mínimos cotización alto costo (26-100 semanas), Pago según capacidad socioeconómica, Régimen subsidiado sin espera para parto/niños, Sanciones EPS infractoras, Multas Fondo Solidaridad, Reincidencia incremento","Se prohíbe la exclusión por preexistencias, estableciendo períodos mínimos de cotización y regulaciones especiales para parto y menores de un año."
165,Plan de atención complementaria,Intervenciones colectivas e individuales,"Información y educación, Control tabaco/alcohol/drogas, Complementación nutricional, Planificación familiar, Desparasitación escolar, Control vectores, Prevención SIDA/tuberculosis/lepra/malaria, Gratuidad, Obligatoriedad, Financiación fiscal/territorial","Define un plan básico gratuito y obligatorio que complementa el POS, dirigido a intervenciones colectivas de alto impacto, con financiación nacional y territorial."
166,Protección materno infantil,Servicios subsidios y programas,"Control prenatal, Parto, Posparto, Lactancia, Educación salud, Vigilancia crecimiento, Prevención, Atención ambulatoria y hospitalaria, Medicamentos esenciales, Rehabilitación, Subsidio alimentario subsidiado, Programas rurales/adolescentes, Financiación ICBF/Fondo Solidaridad","Garantiza atención integral a gestantes y menores de un año, con servicios de salud, subsidios alimentarios y programas educativos rurales."
167,Cobertura de emergencias especiales,Atención indemnización y financiamiento,"Accidentes tránsito, Actos terroristas, Catástrofes naturales, Servicios médico-quirúrgicos, Indemnización incapacidad/muerte, Gastos funerarios, Transporte, Fondo Solidaridad, SOAT, Reaseguro catastróficos, Reglamentación Gobierno","Asegura cobertura de urgencias y riesgos catastróficos, incluyendo accidentes y desastres, con financiamiento del Fondo de Solidaridad y aseguradoras."
168,Obligación de atención de urgencias,Acceso universal y financiamiento,"Prestación obligatoria pública/privada, Sin contrato u orden, Financiamiento Fondo Solidaridad/EPS, Cobro y tarifas definidas por Gobierno/Consejo Nacional","Todas las instituciones de salud deben prestar urgencias a cualquier persona, con financiación garantizada y regulación de cobros."
169,Planes complementarios,Opciones voluntarias,"Oferta planes EPS, Financiamiento por afiliados, Recursos distintos a cotizaciones, Reajuste sujeto a libertad vigilada Gobierno","Permite a EPS ofrecer planes adicionales al POS, financiados por afiliados, con regulación gubernamental sobre ajustes."
170,Autoridad del sistema,Coordinación con planes nacionales y territoriales,"Gobierno Nacional, Ministerio de Salud, Regulación, Supervisión, Vigilancia, Alineación políticas nacionales, Lucha enfermedades, Educación, Información, Salud, Planes desarrollo, Planes territoriales","El Gobierno y el Ministerio de Salud dirigen y supervisan el sistema, alineándolo con políticas nacionales y planes territoriales."
171,Consejo Nacional de Seguridad Social en Salud,Composición y secretaría,"Ministro de Salud presidente, Ministros Trabajo/Hacienda, Representantes departamentales/municipales, Empleadores, Trabajadores, Pensionados, ISS, EPS, IPS, Profesionales salud, Usuarios rurales, Secretario técnico, Asesores permanentes (Academia, Federación, Facultades, Hospitales), Consejos Territoriales","Define la estructura del Consejo Nacional como órgano de dirección, con representación gubernamental, asesores técnicos y composición análoga en niveles territoriales."
172,Funciones del Consejo Nacional,Atribuciones en POS subsidios UPC,"Definir POS contributivo/subsidiado, Cotizaciones, Valor UPC, Valor subsidios, Medicamentos esenciales, Selección beneficiarios subsidiados, Pagos compartidos, Incapacidades y licencias, Medidas selección adversa, Tarifas riesgos y urgencias, Reglamentación Consejos Territoriales, Fondo Solidaridad administración, Informes anuales Congreso, Reglamento propio, Revisión anual UPC/pagos, Funciones asignadas Ley","El Consejo define políticas, valores y regulaciones del POS, subsidios, UPC, pagos compartidos, supervisa administración del Fondo, regula Consejos y reporta al Congreso."
173,Funciones del Ministerio de Salud,Regulación supervisión coordinación,"Formular políticas con Ministerio Trabajo, Normas científicas calidad, Normas administrativas, Evaluar eficiencia EPS/IPS, Estudios y propuestas para Consejo, Supervisión y control, Información recolección y difusión, Sanciones, Sustitución funciones Ley 10 1990","El Ministerio coordina, regula, supervisa y controla el sistema, establece normas científicas, evalúa eficiencia, elabora estudios y gestiona información."
174,Organización territorial del sistema,Competencias territoriales,"Integración instituciones dirección EPS IPS, Acciones de salud y riesgos, Dirección y organización territorial, Adaptación progresiva servicios oficiales, Ampliación cobertura, Subsidios población vulnerable, Promoción EPS públicas y solidarias, Transformación hospitales IPS, Oferta organizada niveles complejidad, Recursos especiales subsidios, Transición cobertura universal","Establece la integración del sistema de salud territorial, ampliando competencias en dirección, organización y financiación, garantizando subsidios y cobertura progresiva."
175,Órganos asesores locales,Función y creación,"Creación Consejos Territoriales, Asesoría direcciones salud, Planes y programas, Orientación sistemas territoriales, Desarrollo políticas Consejo Nacional","Permite crear Consejos Territoriales que asesoren planes y gestión de salud locales."
176,Funciones de direcciones territoriales,Administración control y supervisión,"Estudios y propuestas para Consejo Territorial, Instrumentos focalización beneficiarios, Administración recursos subsidios, Inspección y vigilancia normas, Protección pasivo prestacional trabajadores salud","Define funciones de direcciones territoriales en planificación, administración de subsidios, supervisión de normas y protección del personal."
177,Concepto de EPS,Funciones principales,"Afiliación y registro, Recaudo cotizaciones, Garantía POS, Gestión financiera, Giro diferencia UPC al Fondo Solidaridad","Las EPS son responsables de afiliar, recaudar y garantizar el POS, transfiriendo al Fondo la diferencia entre cotizaciones y UPC."
178,Funciones de EPS,Afiliación acceso y control,"Delegatarias Fondo Solidaridad, Promover afiliación población no cubierta, Organizar acceso servicios, Garantizar libre acceso IPS, Remitir información al Fondo, Control calidad atención, Funciones asignadas Consejo Nacional","Define funciones de EPS en afiliación, servicios, control de calidad y reporte de información."
179,Campo de acción EPS,Prestación y contratación,"Prestación directa o contratación IPS, Modalidades de pago (capitación, protocolos, presupuestos), Varias alternativas IPS, Agrupamiento riesgos por afiliados/empresas/ubicación","Las EPS pueden prestar o contratar servicios, aplicar modalidades de pago preventivas y agrupar riesgos de manera regulada."
180,Requisitos EPS,Condiciones autorización,"Razón social, Personería jurídica, Objetivos afiliación y gestión, Organización administrativa y financiera, Base de datos afiliados, Capacidad técnica y científica, Evaluación calidad, Número mínimo/máximo afiliados, Margen solvencia, Capital mínimo, Requisitos legales/reglamentarios","Establece los requisitos legales, financieros, técnicos y administrativos para que una entidad sea autorizada como EPS."
181,Tipos de EPS,Entidades autorizadas,"ISS, Cajas y fondos públicos, Asociaciones de cajas compensación, Medicina prepagada/seguros, EPS territoriales, Organismos empresas públicas/privadas, ONG y solidarias, Empresas solidarias de salud, Comunidades indígenas, Entidades privadas EPS, Autonomía IPS propiedad EPS, EPS comunitarias, Reemplazo prestación por contratación","Define los tipos de EPS, incluyendo públicas, privadas, mixtas, solidarias y de prepagada, con reglas de autonomía y promoción comunitaria."
"Artículo 182","Financiamiento de EPS","UPC y manejo de recursos","Cotizaciones pertenecen al sistema, UPC según perfil epidemiológico y costos, Definición de UPC por Consejo Nacional con estudios, Manejo de recursos en cuentas separadas","Regula ingresos de EPS mediante UPC y cotizaciones, estableciendo criterios de cálculo y manejo independiente de recursos."
"Artículo 183","Limitaciones legales a EPS","Afiliación y prácticas restrictivas","Prohibición de terminar afiliación unilateral, No negar afiliación si se paga cotización o subsidio, Reglamentación de eficiencia e inversión, Prohibición de prácticas que limiten libre escogencia","Limita capacidad de EPS de excluir afiliados y prohíbe prácticas que restrinjan libre elección."
"Artículo 184","Incentivos en EPS e IPS","Calidad, eficiencia y racionalización","Incentivos a oferta de servicios, Control de costos, Productividad, Asignación de recursos costo-eficiencia, Incentivos a demanda, Racionalización de referencias, Promoción de calidad en atención","Establece incentivos para EPS e IPS orientados a eficiencia, control de costos, productividad y mejora de calidad."
"Artículo 185","Función y principios de las IPS","Autonomía y obligaciones","Prestación de servicios según nivel de atención, calidad y eficiencia, autonomía administrativa, técnica y financiera, libre concurrencia y acceso a información veraz, prohibición de acuerdos que limiten la competencia, requisitos de constitución según normas del Ministerio de Salud, sistema contable obligatorio para registro de costos y contratación con EPS o entidades territoriales","Define funciones de las IPS, principios de calidad, eficiencia y competencia, y establece la obligación de contar con sistema contable para contratación y tarifas."
"Artículo 186","Evaluación de calidad de IPS","Información y mejoramiento","Conformación de sistema de acreditación, brindar información a usuarios sobre calidad, promover mejoramiento de servicios","Se implementa un sistema de acreditación para garantizar transparencia y calidad de las IPS."
"Artículo 187","Pagos compartidos","Estrategia de acceso y financiación","Cuotas moderadoras y deducibles, racionalización del uso de servicios, complementación del POS, no barreras para población pobre, definición según estratificación socioeconómica y antigüedad de afiliación, recaudos como recurso de EPS, parte destinada a subcuenta de Promoción de Salud","Regula pagos moderadores para racionalizar uso del sistema sin impedir acceso a población vulnerable, con criterios socioeconómicos y destina recursos parcialmente a promoción de salud."
"Artículo 188","Derecho a la atención","Reclamaciones y control","Prohibición de discriminación, reclamaciones ante comité técnico científico de la EPS, nuevo concepto ante dirección seccional en caso de inconformidad, reglamentación por el Gobierno Nacional","Garantiza derechos de los usuarios a atención sin discriminación y establece procedimientos de reclamación y supervisión."
"Artículo 189","Infraestructura hospitalaria","Presupuesto mínimo","Hospitales con más del 30% de ingresos por contratos con nación o entidades territoriales, destinar mínimo 5% del presupuesto a mantenimiento de infraestructura y dotación hospitalaria","Obliga a hospitales públicos y privados con alta dependencia de contratos estatales a invertir en mantenimiento y dotación mínima."
"Artículo 190","Tecnología biomédica","Importación y control","Normas para importación, control de desarrollo de programas de alta tecnología, metodologías de evaluación técnica y económica, localización eficiente de tecnología, aplicable a sector público y privado","Regula importación, evaluación y uso eficiente de tecnología biomédica en todos los sectores."
"Artículo 191","Inversión y dotación de salud","Centros y puestos de salud","Prioridad en asignación de recursos a centros y puestos de salud, dotación básica de equipo y personal según Ministerio, ampliación progresiva de horarios hasta 24 horas, servicio social obligatorio en áreas rurales, definición de dotación y red territorial por Ministerio, control técnico ministerial","Establece prioridades de dotación y fortalecimiento de centros de salud, con control técnico y servicio social en áreas rurales."
"Artículo 192","Nombramiento y régimen de directores","Designación y remoción","Nombramiento por jefe de entidad territorial de terna presentada por junta directiva, períodos mínimos de 3 años prorrogables, remoción por faltas graves, ética o ineficiencia, vigencia desde 31 de marzo de 1995, régimen salarial especial reglamentado por Gobierno Nacional","Regula nombramiento, remoción y régimen salarial de directores de hospitales públicos y empresas sociales del Estado."
"Artículo 193","Estímulos laborales","Incentivos salariales y no salariales","Estímulos salariales y no salariales, educación continua, crédito para instalación, vivienda, transporte, asociación solidaria de profesionales, nivelación salarial gradual 1995-1998, becas-créditos en programas docente-asistenciales, modalidades de contratación por capitación, prima de productividad, incentivos privados regulados por Consejo Nacional","Define incentivos para mejorar desempeño, ubicación en zonas necesitadas, nivelación salarial y becas-créditos para formación y retención de profesionales."
"Artículo 194","Concepto de ESE","Personalidad jurídica y autonomía","Entidades públicas descentralizadas, personería jurídica, patrimonio propio, autonomía administrativa, creadas por Ley o asambleas/concejos, sometidas a régimen especial del capítulo","Establece que la prestación directa de salud por Nación o entidades territoriales se realiza mediante ESE, con autonomía y personería jurídica."
"Artículo 195","Regulación legal y administrativa","Estructura y funcionamiento","Nombre con expresión 'Empresa Social del Estado', objeto: prestación de servicios de salud, junta directiva según Ley 10 de 1990, director nombrado según Artículo 192, empleados públicos, contratación por derecho privado con cláusulas especiales, régimen presupuestal basado en reembolso contra prestación, recepción de transferencias directas, régimen tributario para establecimientos públicos","Establece régimen jurídico de ESE, incluyendo objeto, administración, contratación, presupuesto y tributos."
"Artículo 196","Transformación de entidades","Nivel nacional","Transformación de entidades descentralizadas nacionales de salud en ESE","Todas las entidades descentralizadas del orden nacional para prestación de salud se convierten en Empresas Sociales del Estado."
"Artículo 197","Reestructuración de entidades territoriales","Transformación en ESE territoriales","Reestructuración de entidades descentralizadas de prestación de salud, plazo de 6 meses desde vigencia de la Ley, adecuación a régimen de Empresas Sociales del Estado","Obliga a entidades territoriales a reorganizar sus entidades descentralizadas de salud para constituir ESE en un plazo determinado."
"Artículo 198","Acceso a información","Sistema de atención","IPS deben garantizar información sobre servicios, atención, línea telefónica 24 horas de acceso permanente","Asegura que los usuarios tengan acceso continuo a información y servicios de las IPS."
"Artículo 199","Calidad y satisfacción","Normas y registro","Ministerio de Salud define normas de calidad y satisfacción, tiempos máximos de espera, registro en listas de espera, solicitud de información para sistemas homogéneos de evaluación periódica de servicios y satisfacción","Reglamenta la recopilación de información sobre calidad de servicios y satisfacción de usuarios, promoviendo evaluación continua."
"Artículo 200","Organización comunitaria","Participación de no afiliados","Promoción de asociaciones de usuarios en poblaciones no afiliadas al régimen contributivo, uso de organizaciones comunitarias, cabildos indígenas, y otras formas de organización comunitaria","Facilita la organización de comunidades como demandantes de servicios de salud."
"Artículo 201","Estructura del sistema","Régimen contributivo y subsidiado","Convivencia de régimen contributivo y régimen de subsidios, vinculación mediante Fondo de Solidaridad y Garantía, articulación para financiamiento y administración","Establece la estructura dual del sistema de salud: contribuciones y subsidios vinculados al Fondo de Solidaridad y Garantía."
"Artículo 202","Régimen contributivo","Vinculación al sistema","Normas que rigen la vinculación de individuos y familias mediante pago de cotización, aporte individual o compartido con empleador","Define el régimen contributivo como el mecanismo de vinculación de afiliados mediante cotizaciones."
"Artículo 203","Afiliación obligatoria","Control de acceso","Afiliación obligatoria según Artículo 157, control para evitar beneficiarios de altos ingresos accedan a subsidios","Regula quiénes deben afiliarse obligatoriamente al régimen contributivo y previene el uso indebido de subsidios."
"Artículo 204","Cotizaciones","Porcentaje y distribución","Cotización máxima 12% del salario base, dos tercios a cargo del empleador, un tercio trabajador, 1 punto al Fondo de Solidaridad y Garantía, Gobierno define distribución entre POS, incapacidades, licencias de maternidad y promoción de salud, base de cotización según sistema general de pensiones para trabajadores, presunción de ingresos para independientes, límite máximo 20 SMLMV, exoneraciones y tablas especiales para pensionados (2020-2024)","Detalla cálculo, distribución y excepciones de las cotizaciones al régimen contributivo, incluyendo reglas para trabajadores y pensionados."
"Artículo 205","Recaudo y transferencia de cotizaciones","Función de EPS y Fondo de Solidaridad","Recaudo por EPS por delegación del Fondo de Solidaridad, descontar UPC para POS, trasladar diferencia al Fondo, reintegros de liquidez mediante créditos puente, reintegros sólo a cotizaciones completas, control por Superintendencia Nacional de Salud","Define cómo las EPS administran y transfieren las cotizaciones al Fondo, garantizando cobertura y liquidez."
"Artículo 206","Riesgos laborales y enfermedades","Reconocimiento y financiación","Reconocimiento de incapacidades por enfermedad general, subcontratación con aseguradoras, enfermedades profesionales y accidentes de trabajo financiados con recursos del régimen correspondiente, reglamentación por Gobierno Nacional","Establece cobertura y financiación de incapacidades en régimen contributivo, diferenciando tipos de riesgo."
"Artículo 207","Beneficio a afiliadas","Financiamiento","Pago de licencias por maternidad por EPS, financiación por Fondo de Solidaridad (subcuenta de compensación), transferencia diferente de UPC","Regula pago y financiamiento de licencias por maternidad en régimen contributivo."
"Artículo 208","Servicios de salud laboral","Organización y financiación","Organización de servicios por EPS, financiación con cotización de riesgos laborales, reglamentación de cobro y pago por Gobierno Nacional, supervisión de Superintendencia Nacional de Salud","Garantiza prestación y financiamiento de servicios por accidentes laborales y enfermedades profesionales."
"Artículo 209","Consecuencias del impago","Derechos y obligaciones","No pago produce suspensión de afiliación y derecho a atención del POS, no se generan deudas ni intereses durante suspensión","Establece suspensión temporal de servicios por falta de pago sin generar deuda adicional."
"Artículo 210","Obligaciones del empleador","Derecho de afiliación y pago de aportes","Sanciones aplicables a empleadores que impidan la libre elección de EPS, sanciones por retraso en pagos, obligación de pago para empleadores públicos y privados","Establece sanciones para empleadores que vulneren el derecho de elección del trabajador o retrasen los aportes al sistema de salud."
"Artículo 211","Régimen subsidiado","Vinculación a través de subsidios","Normas que regulan la vinculación de individuos con subsidio total o parcial, financiado con recursos fiscales o de solidaridad","Define el régimen subsidiado como mecanismo de vinculación mediante subsidios para quienes no pueden cotizar."
"Artículo 212","Propósito del régimen subsidiado","Financiamiento y operación","Financiar atención de personas pobres y vulnerables, condiciones y operación definidas por Consejo Nacional de Seguridad Social en Salud, complemento del sistema de salud de la Ley 10 de 1990","Establece la creación del régimen subsidiado para población vulnerable y define su marco operativo."
"Artículo 213","Población beneficiaria","Criterios de selección","Población pobre y vulnerable, criterios generales del Consejo Nacional de Seguridad Social en Salud, inscripción ante Direcciones de Salud, focalización de subsidios, reconocimiento especial para artistas y deportistas","Determina quiénes pueden acceder al régimen subsidiado y cómo se aplican los criterios de focalización."
"Artículo 214","Financiamiento del régimen subsidiado","Fuentes de recursos","Transferencias de inversión social, recursos propios de departamentos y municipios, situado fiscal, Fondo de Solidaridad y Garantía, participaciones de recursos petroleros, manejo en cuentas especiales, aprobación de presupuestos por autoridades departamentales","Establece las fuentes de financiación del régimen subsidiado y la administración separada de los recursos."
"Artículo 215","Gestión de subsidios","Contratación con EPS","Contratos de administración de subsidios con EPS, financiamiento con Fondo de Solidaridad y recursos del subsector oficial, prestación directa o indirecta de servicios del POS, requisitos fijados por Gobierno Nacional","Regula cómo se administran los subsidios a través de EPS y establece requisitos de operación."
"Artículo 216","Contratación y operación del subsidio","Prioridad, control y participación","Preferencia por EPS comunitarias, concursos para entidades privadas, participación de beneficiarios en juntas de licitación, caducidad de contratos por incumplimiento, cofinanciación parcial por beneficiarios, asociaciones entre Direcciones de Salud, pago de UPC por afiliado, distribución de recursos a sector rural e indígena","Establece reglas detalladas para la administración de recursos y prestación de servicios a beneficiarios del régimen subsidiado."
"Artículo 217","Contribución de cajas de compensación","Financiamiento del subsidio","Destinar porcentaje del recaudo del subsidio familiar (5%-10%) al régimen subsidiado, administración directa de recursos bajo reglamentación, constitución de cuentas independientes, cálculo de porcentaje aplicable","Regula la participación de las Cajas de Compensación Familiar en la financiación del régimen subsidiado."
"Artículo 218","Fondo de Solidaridad y Garantía","Naturaleza y gestión","Cuenta adscrita al Ministerio de Salud, manejo fiduciario, sin personería jurídica ni planta propia, criterios de uso definidos por Consejo Nacional de Seguridad Social en Salud","Crea el Fondo de Solidaridad y Garantía como mecanismo de manejo de recursos de salud bajo control fiduciario."
"Artículo 219","Subcuentas del Fondo","Organización interna","Subcuentas: compensación interna del régimen contributivo, solidaridad del régimen subsidiado, promoción de la salud, seguro de riesgos catastróficos y accidentes de tránsito","Define la estructura interna y subcuentas del Fondo de Solidaridad y Garantía."
"Artículo 220","Recursos de compensación","Origen y control","Diferencia entre ingresos por cotización y valor de UPC, traslado de recursos de EPS con superávit a EPS con déficit, control y sanciones por Superintendencia Nacional de Salud","Establece cómo se financia la subcuenta de compensación del régimen contributivo y mecanismos de supervisión."
"Artículo 221","Recursos para subsidios","Cofinanciación y fuentes","Cotización de solidaridad del régimen contributivo, aportes de Cajas de Compensación Familiar, aporte presupuestal nacional (según años), rendimientos financieros, ingresos por enajenación de acciones públicas, impuestos de remesas petroleras, IVA social, destino a cofinanciar subsidios de población vulnerable, inclusión en presupuesto nacional, sanción por incumplimiento","Regula la financiación de la subcuenta de solidaridad para cofinanciar el régimen subsidiado, estableciendo fuentes, rendimientos y control."
"Artículo 222","Financiamiento de actividades de salud pública","Educación, prevención e información en salud","Porcentaje máximo del 1% de la cotización del régimen contributivo, asignación por Consejo Nacional de Seguridad Social en Salud, uso complementario de recursos del Ministerio de Salud, pago a EPS por actividades con mayor impacto en prevención","Define la financiación de actividades de promoción y prevención de salud, priorizando aquellas con mayor impacto en la reducción de enfermedades."
"Artículo 223","Financiamiento de riesgos especiales","Enfermedades catastróficas y accidentes de tránsito","Recursos del FONSAT, contribución del 52% de la prima anual del seguro obligatorio de accidentes de tránsito, traslados del Fondo de Solidaridad y Emergencia Social, recursos complementarios de entidades territoriales","Establece las fuentes de financiación para cubrir enfermedades catastróficas y accidentes de tránsito dentro del sistema de salud."
"Artículo 224","Financiamiento mediante impuesto especial","Impuesto sobre armas y municiones","Creación de impuesto social sobre armas (10% salario mínimo) y municiones/explosivos (5% ad valorem), excepción para Fuerzas Armadas, Policía y entidades de seguridad, destinación al Fondo de Solidaridad, reglamentación por Gobierno","Introduce un impuesto social destinado a financiar el Fondo de Solidaridad, con excepciones y mecanismos de cobro regulados."
"Artículo 225","Transparencia y control de EPS","Sistemas de costos, facturación y publicidad","Presupuesto independiente, separación de ingresos y egresos, facturación al usuario con discriminación de subsidios, publicación de información periódica, supervisión por Superintendencia Nacional de Salud","Obliga a las EPS a establecer sistemas de información financiera y de servicios para garantizar transparencia y conocimiento de los costos por parte del usuario."
"Artículo 226","Control de aportes y evasión","Intercambio de información con entidades fiscales y pensionales","Afiliación independiente de pensiones, información sobre evasión y elusión, colaboración con Administración de Impuestos y entidades recaudadoras territoriales, respeto a reserva tributaria","Permite a la Superintendencia obtener información de afiliados y empleadores para prevenir evasión y elusión de aportes al sistema de salud."
"Artículo 227","Garantía de calidad en servicios de salud","Normas y auditoría médica","Sistema obligatorio de garantía de calidad, auditoría médica obligatoria, información pública sobre calidad del servicio","Establece normas para garantizar la calidad de la atención de salud, incluyendo auditorías médicas y transparencia de la información."
"Artículo 228","Control contable de EPS","Revisor fiscal y posesión","Designación por asamblea u órgano competente, funciones según Código de Comercio, posesión supervisada por Superintendencia, inscripción en registro mercantil","Obliga a las EPS a tener revisor fiscal para supervisión contable y administrativa, con control y posesión supervisada por la Superintendencia."
229,Fiscalización de entidades de salud,Contralorías y controles estatutarios,Contralorías oficiales para entidades públicas, controles estatutarios para privadas,"Define los responsables del control fiscal de las entidades de salud."
230,Sanciones por incumplimiento,Multas y revocación de autorización EPS,Multas hasta 1.000 SMLMV, revocación o suspensión del certificado de EPS por incumplimiento, procedimientos de fusión, adquisición o liquidación regulados, inspección y control de la Superintendencia,"Establece sanciones administrativas y procedimientos para garantizar cumplimiento y calidad en las EPS."
231,Participación social en control,Vigilancia del régimen subsidiado,Control por veedurías elegidas popularmente, cobertura, eficiencia y calidad, reglamentación específica,"Garantiza control social sobre la prestación de servicios en el régimen subsidiado mediante veedurías comunitarias."
232,Obligaciones de IPS,Aplicación de normas de control y supervisión,Aplicación de Artículos 225, 227 y 228, reglamentación de excepciones para revisoría fiscal por Ministerio de Salud,"Las IPS deben cumplir obligaciones de control, auditoría y revisoría fiscal, salvo excepciones reglamentadas."
233,Funciones y organización de la Superintendencia,Inspección, vigilancia y sanción,Adscripción al Ministerio de Salud, personería jurídica y autonomía, facultades para interrogar, imponer multas, ordenar suspensiones y medidas correctivas, asegurar transparencia, publicar estados financieros, regular contabilidad hospitalaria, visitas de inspección, supervisión de provisiones previsionales, resolver controversias sobre preexistencias, delegación parcial en entidades territoriales, contratación de auditorías externas,"Define la estructura, funciones y facultades de la Superintendencia Nacional de Salud como organismo de inspección, control y sanción del sistema de salud, incluyendo procedimientos administrativos y resolución de conflictos."
234,Implementación del SGSSS,Comisión técnica de transición,Plazo máximo de 1 año para iniciar funcionamiento, creación de Comisión Técnica de 5 expertos, financiación por el Gobierno, cobertura familiar desde el inicio de operación de las EPS,"Establece un período máximo de un año para poner en marcha el Sistema General de Seguridad Social en Salud y crea la Comisión Técnica de Transición para asesorar al Gobierno en la implementación."
235,Transición de afiliados y obligaciones del ISS,Afiliación y cotización durante el periodo de transición,Obligaciones de afiliación y cotización vigentes, traslado a otra EPS solo cuando la subcuenta de compensación opere, extensión progresiva de cobertura familiar (1 año), trabajadores mantienen carácter de empleados de seguridad social,"Regula la transición de afiliados del ISS a nuevas EPS y mantiene obligaciones de afiliación y cotización durante el periodo de transición."
236,Adaptación de entidades públicas al nuevo sistema,Transformación, liquidación y adaptación al SGSSS,Plazo de 2 años para transformarse en EPS, gradualidad en aporte y cobertura, mantenimiento de beneficios complementarios, ajuste progresivo de cotizaciones y participación en la subcuenta de compensación, exención de impuestos por reorganización, normas laborales para empleados afectados, facultad de liquidación con aprobación de afiliados,"Define cómo las entidades de seguridad social públicas deben adaptarse al nuevo sistema, transformarse en EPS, mantener beneficios y garantizar la afiliación de sus trabajadores durante la transición."
237,Afiliación sectorial,Cumplimiento de afiliación según oferta de servicios,Obligación de afiliación de empleadores y trabajadores del sector agropecuario cuando exista oferta de servicios en la región,"Establece que la afiliación de trabajadores del sector agropecuario será obligatoria al disponerse de servicios en la región."
238,Financiamiento de hospitales públicos,Contratos de prestación de servicios y programación presupuestal,Contratos de compraventa de servicios, referencia presupuestal de 1994 para 1995-1996, garantía de recursos mínimos por 3 años, luego conversión gradual a programas concertados,"Establece la financiación de hospitales públicos durante la transición, asegurando continuidad de recursos y contratos con EPS."
239,Organización del régimen de subsidios,Sustitución de transferencias por contratación de servicios,Plazo máximo de 2 años, progresiva venta de servicios, presentación de plan de ampliación de cobertura, mejoramiento de calidad y descentralización,"Define cómo las entidades territoriales deben implementar el régimen de subsidios y la transición hacia la contratación de servicios de salud."
240,Adaptación de cajas de compensación al SGSSS,Garantía de protección durante transición y uso de recursos,Plazo de transición similar al Artículo 234, mantenimiento de protección a beneficiarios, aportes al régimen subsidiado según Artículo 217, cobertura de familiares del ISS hasta traslado a EPS,"Regula la adaptación de las cajas de compensación familiar al SGSSS, garantizando protección a beneficiarios y manejo de recursos subsidiados durante el periodo de transición."
241,Homologación tarifaria,Tarifas de instituciones públicas prestadoras de servicios,Unificación del régimen de tarifas 1 año después de la vigencia de la Ley, aplicable a venta de servicios o uso de capacidad a EPS o asociaciones profesionales, reglamentación por el Gobierno,"Establece un régimen tarifario unificado para instituciones públicas prestadoras de salud, a implementarse un año después de la entrada en vigencia de la Ley."
242,Obligaciones laborales y cesantías,Pasivo prestacional y cobertura de pensiones y cesantías,Cobertura de cesantías y pensiones al 31 de diciembre de 1993, costo adicional por retroactividad asumido por fondo y entidades territoriales, prohibición de retroactividad para nuevos servidores, concurrencia de responsabilidades entre fondo, entidades territoriales y EPS,"Regula el fondo prestacional para cubrir cesantías y pensiones del sector salud, estableciendo responsabilidades compartidas y límites para retroactividad."
243,Regularización de obligaciones pasadas,Condón de multas y erogaciones por pagos pendientes,ISS y Fondo Nacional de Ahorro afilian servidores una vez definido pago de pasivos, condón de multas y erogaciones para entidades públicas según Ley 60 de 1993, aplicación a entidades en proceso de liquidación,"Otorga amnistía parcial a instituciones de salud por incumplimientos anteriores en pagos de prestaciones sociales y afiliaciones."
244,Seguro obligatorio de tránsito,Reglas de operación, fondos y pago de indemnizaciones,Destino del 3% de primas a prevención vial, certificación de accidentes, beneficiarios de indemnización, tarifas hospitalarias fijadas en SMLMV, sanciones por dilación en pago, anticipos en caso de objeciones, atención a víctimas de catástrofes y actos terroristas, transferencia de recursos a FONSAT,"Modifica el seguro obligatorio de accidentes de tránsito, estableciendo fondos para prevención, reglas de indemnización, tarifas, sanciones y transferencia de recursos."
245,Control sanitario y regulación de productos,Creación, funciones y política de precios,Establecimiento público adscrito al Ministerio de Salud, autonomía administrativa, control de medicamentos, alimentos y productos de salud, reglamentación de registros y licencias, creación Comisión Nacional de Precios de Medicamentos, seguimiento por Ministerio de Desarrollo y Salud, programa de información sobre precios y calidad de medicamentos,"Crea el INVIMA para vigilancia y control de calidad de productos relacionados con la salud y establece la Comisión Nacional de Precios de Medicamentos para regular precios y garantizar información pública."
"246","Difusión y Capacitación","Programa de difusión y capacitación","Salud, Educación, Capacitación, Administración Pública","El Ministerio de Salud organizará y ejecutará un programa de difusión del Sistema General de Seguridad Social en Salud y de capacitación a autoridades locales, EPS, IPS, trabajadores y usuarios, incluyendo adecuación a modalidades de organización, contratación, remuneración y prestación de servicios."
"247","Programas Académicos en Salud","Convenios docente-asistenciales y cupos","Educación, Salud, Formación Profesional, Universidades, Capacitación","Las instituciones de educación superior deben contar con un Centro de Salud propio o convenios con instituciones de salud que cubran los tres niveles de atención para realizar prácticas de formación, con responsabilidades claras y presentación al Ministerio de Educación con concepto favorable del Consejo Nacional de Recursos Humanos en Salud."
"248","Facultades Extraordinarias","Reestructuración y estatutos","Salud, Administración Pública, Gestión Pública, Instituciones, Reglamentación","El Presidente tiene facultades extraordinarias por seis meses para reestructurar el Instituto Nacional de Salud y el Ministerio de Salud, modificar la Superintendencia Nacional de Salud, liquidar entidades de seguridad social insolventes, expedir estatutos y reorganizar instituciones como el Instituto Nacional de Cancerología y sanatorios específicos."
"249","Invalidez por Accidentes de Trabajo","Pensiones y régimen","Seguridad Social, Salud, Riesgos Profesionales, Pensión, Accidentes de Trabajo","Las pensiones de invalidez por accidente de trabajo o enfermedad profesional continuarán rigiéndose por disposiciones vigentes, con adaptación al sistema de calificación de invalidez por riesgo común."
"250","Calificación de Invalidez","Procedimiento de calificación","Salud, Seguridad Social, Riesgos Profesionales, Pensión, Evaluación","La calificación del estado de invalidez derivado de accidente de trabajo o enfermedad profesional se sujetará a las normas del sistema de calificación de invalidez por riesgo común."
"251","Pensiones de Invalidez Integradas","Seguro conjunto","Salud, Seguridad Social, Riesgos Profesionales, Pensión, Seguros, Ahorro Individual","Los seguros para invalidez por riesgo común y por accidente de trabajo pueden ser contratados conjuntamente con la misma compañía, garantizando que el amparo sea equivalente o superior al del ISS, y la cotización a este último deja de ser obligatoria."
"252","Normas Comunes","Aplicación a seguros conjuntos","Seguridad Social, Riesgos Profesionales, Normas Generales, Seguros","Cuando el seguro de invalidez por riesgo común y por accidente de trabajo se contrate conjuntamente, se aplicarán las disposiciones pertinentes del seguro de invalidez por riesgo común."
"253","Devolución de Saldos","Ahorro individual","Seguridad Social, Pensiones, Riesgos Profesionales, Ahorro Individual","En caso de invalidez por accidente de trabajo o enfermedad profesional en el régimen de ahorro individual con solidaridad, se entregará la totalidad del saldo abonado en la cuenta individual, sin bono pensional."
"254","Prestaciones Médico-Asistenciales","Cobertura de salud","Salud, Riesgos Profesionales, EPS, Prestación de Servicios","Los servicios de salud derivados de accidentes de trabajo o enfermedad profesional serán prestados por las EPS, quienes repetirán contra las entidades administradoras del seguro correspondiente."
"255","Pensión de Sobrevivientes","Régimen actual","Seguridad Social, Pensiones, Riesgos Profesionales, Sobrevivientes","Las pensiones de sobrevivientes por accidente de trabajo o enfermedad profesional continuarán bajo disposiciones vigentes, salvo que se opte por el manejo integrado conforme al artículo 157."
"256","Devolución de Saldos por Muerte","Régimen de ahorro individual","Seguridad Social, Pensiones, Riesgos Profesionales, Sobrevivientes, Ahorro Individual","En caso de muerte derivada de accidente de trabajo o enfermedad profesional, no habrá bono pensional y el saldo de la cuenta individual podrá usarse para incrementar la pensión del empleador, o formar parte de la masa sucesoral, según estipulación del afiliado o acuerdo de beneficiarios."
"257","Prestaciones para Ancianos","Programa y requisitos","Social, Población Vulnerable, Vejez, Ancianos, Bienestar Social","Establece auxilios para ancianos indigentes que sean colombianos, de 65 años o más, residan diez años en Colombia, carezcan de ingresos, o residan en instituciones sin ánimo de lucro; requisitos especiales para indígenas, dementes y minusválidos, y flexibilidad para entidades territoriales."
"258","Objeto del Programa para Ancianos","Apoyo económico","Social, Población Vulnerable, Vejez, Bienestar Social, Finanzas Públicas","Programa de apoyo económico hasta 50% del salario mínimo a personas que cumplan los requisitos, financiado por el presupuesto nacional y recursos de departamentos, distritos y municipios, con reglamentación para cofinanciación y administración descentralizada."
"259","Pérdida de Prestación Especial","Causales de pérdida","Social, Vejez, Ancianos, Bienestar Social","La prestación especial se pierde por muerte, mendicidad como actividad productiva, percibir pensión u otros subsidios, y otras causales que determine el Consejo Nacional de Política Social."
"260","Prestación Especial por Vejez","Reconocimiento, administración y control","Social, Vejez, Bienestar Social, Administración Pública","El Gobierno Nacional establecerá reconocimiento, administración y control de la prestación especial por vejez, contemplando mecanismos de cofinanciación por departamentos, municipios y distritos; las entidades que presten servicios asistenciales podrán administrarla cumpliendo requisitos legales."
"261","Planes Locales de Servicios","Infraestructura y planificación","Social, Vejez, Bienestar Social, Administración Pública","Los municipios y distritos garantizarán infraestructura para ancianos indigentes y elaborarán planes municipales de servicios complementarios integrados al plan de desarrollo."
"262","Servicios Sociales Complementarios","Educación, Cultura y Trabajo","Social, Vejez, Bienestar Social, Educación, Cultura, Trabajo","El Estado prestará servicios sociales para la tercera edad en educación, cultura, recreación, turismo y preparación a la jubilación, con participación comunitaria y de ONGs."
"263","Subsidio al Desempleo","Autorización a entidades territoriales","Laboral, Social, Administración Pública, Desempleo","Se autoriza a las entidades territoriales a crear y financiar planes de subsidio al desempleo con recursos propios."
"264","Presupuesto de Seguridad Social","Disposiciones presupuestales","Finanzas Públicas, Seguridad Social, Administración Pública, Presupuesto","El Gobierno presentará al Congreso el proyecto de presupuesto de seguridad social junto con el nacional y de establecimientos públicos, incluyendo proyección de ingresos, pagos y fuentes de financiamiento de los seguros económicos."
"265","Presupuesto de Entidades","Clasificación de gastos","Finanzas Públicas, Seguridad Social, Administración Pública, Presupuesto","El proyecto anual de presupuesto de entidades públicas se presentará clasificado en gastos de funcionamiento e inversión para cada seguro económico, regido por el Estatuto Orgánico del Presupuesto."
"266","Gasto Público Social","Componentes del gasto","Finanzas Públicas, Seguridad Social, Administración Pública, Presupuesto","Los gastos de entidades públicas de seguridad social se agruparán como componentes del gasto público social conforme al artículo 350 de la Constitución."
"267","Estimación de Pasivo Pensional","Cálculo y financiación","Finanzas Públicas, Seguridad Social, Pensiones, Administración Pública","El Gobierno calculará el pasivo pensional de servidores públicos y entidades territoriales al 31 de diciembre de 1993 y absorberá el costo mediante adiciones y traslados presupuestales, incluyendo recursos adicionales para la Caja Nacional de Previsión."
"268","Recursos para Municipios","Apoyo financiero","Finanzas Públicas, Seguridad Social, Administración Pública, Municipalidad","En municipios con dificultades para pagar aportes, el CONPES social autorizará el uso de ingresos previstos en la Ley 60 de 1993 para tal fin."
"269","Transferencia de Cotizaciones","Mecanismos","Finanzas Públicas, Seguridad Social, Administración Pública, Pensión, Salud","Los dineros de cotizaciones de entidades estatales y servidores públicos podrán entregarse a las entidades administradoras a través de encargos fiduciarios o fiducias."
"270","Prelación de Créditos","Prioridad de pagos","Finanzas Públicas, Seguridad Social, Administración Pública, Derecho, Laboral","Los créditos por cotizaciones y sus intereses, tanto en pensiones como en salud, tienen prelación equivalente a salarios, prestaciones sociales e indemnizaciones laborales."
"271","Sanciones a Empleadores","Multas por incumplimiento","Laboral, Seguridad Social, Derecho, Migración, Salud","El empleador que impida la afiliación o elección de organismos de seguridad social será multado entre un salario mínimo y 50 veces dicho valor, destinado a fondos de solidaridad; la afiliación podrá realizarse nuevamente libremente."
"272","Aplicación Preferencial","Derechos y principios","Derecho Laboral, Seguridad Social, Derechos Humanos, Libertad","El Sistema de Seguridad Social no se aplicará cuando menoscabe libertad, dignidad humana o derechos de los trabajadores; los principios del artículo 53 de la Constitución tienen plena validez."
"273","Régimen para Servidores Públicos","Incorporación a sistemas","Seguridad Social, Pensiones, Salud, Servidores Públicos, Derecho","El Gobierno puede incorporar a servidores públicos al Sistema General de Pensiones y al Sistema General de Salud respetando derechos adquiridos, procurando universalidad para toda la población colombiana."
"274","Asesoría Sindical","Libre elección de afiliación","Laboral, Seguridad Social, Sindicatos, Derechos de los Trabajadores","Confederaciones, federaciones y sindicatos pueden asesorar a los trabajadores en afiliación y elección de organismos, pudiendo decidir por mayoría de los afiliados que voten afirmativamente, sin afectar la facultad de traslado del sistema."
"275","Instituto de Seguros Sociales","Estructura y funcionamiento","Seguridad Social, Salud, Instituciones Públicas, Administración, Contratación","El ISS es empresa industrial y comercial del Estado, vinculada al Ministerio de Trabajo y Seguridad Social, con autonomía administrativa y patrimonio independiente, y podrá actuar como EPS y ESE a nivel nacional, regulando tarifas y garantizando descentralización de sus unidades de salud."
"276","Venta de Activos del ISS","Patrimonio y objetivos","Seguridad Social, Salud, Instituciones Públicas, Administración, Finanzas","La venta de activos del ISS no podrá afectar su patrimonio y debe orientarse a cumplir objetivos del Sistema de Seguridad Social Integral."
"277","Consejo Directivo del ISS","Composición y funciones","Seguridad Social, Salud, Instituciones Públicas, Administración, Gobierno","El Consejo Directivo será tripartito, con representantes de Gobierno, empleadores y trabajadores (pensionados), reglamentará la elección del personal directivo y tomará decisiones sobre reestructuración de planta de personal."
"278","Subsidios","Carácter legal","Seguridad Social, Finanzas, Derecho","Los subsidios establecidos en la Ley no tendrán carácter de donación o auxilio según el artículo 355 de la Constitución."
"279","Excepciones","Grupos exceptuados","Seguridad Social, Salud, Fuerzas Militares, Policía, Magisterio, Empresas Públicas","El Sistema de Seguridad Social no aplica a Fuerzas Militares, Policía, personal del Decreto-Ley 1214 de 1990, miembros no remunerados de corporaciones públicas, afiliados al Fondo del Magisterio, trabajadores en concordato, empleados de Ecopetrol y pensionados de la misma, con obligaciones de aportes de solidaridad."
"280","Aportes a Fondos de Solidaridad","Obligatoriedad","Seguridad Social, Pensiones, Salud, Finanzas, Solidaridad","Los aportes a los fondos de solidaridad serán obligatorios a partir del 1 de abril de 1994, incluyendo excepciones previas; aporte en salud pasa del 7% al 8% y la cobertura familiar se incluye dentro del 12% máximo."
"281","Afiliación en Construcción y Transporte","Requisitos de licencias","Laboral, Seguridad Social, Contratación, Transporte, Construcción","Las licencias de construcción y transporte público se otorgarán solo con acreditación de afiliación al sistema de seguridad social; omitirlo constituye mala conducta y se aplican sanciones como multas, revocatoria de administración de recursos o suspensión de licencias."
"282","Afiliación de Contratistas del Estado","Obligación legal","Laboral, Seguridad Social, Contratación Pública, Pensiones, Salud","Ninguna persona natural podrá prestar servicios al Estado mediante contrato de prestación de servicios sin estar afiliada a los sistemas de pensiones y salud previstos en la Ley."
"283","Exclusividad","Prestaciones cubiertas","Seguridad Social, Salud, Pensiones, Finanzas, Derecho","El sistema solo pagará prestaciones consagradas en la Ley; recursos para prestaciones adicionales deben constituirse como patrimonios autónomos; no vulnera derechos adquiridos por convenciones colectivas, respetando derecho de denuncia."
"284","Aportes de Profesores","Período escolar","Educación, Seguridad Social, Laboral, Pensiones, Salud","Los profesores de establecimientos privados con contrato por período escolar tienen derecho a que el empleador efectúe aportes al sistema por todo el período calendario correspondiente al período escolar."
"285","Arbitrio Rentístico","Rifas y juegos de suerte","Finanzas, Salud, Administración Pública, Juegos de Azar","Se declara arbitrio rentístico la explotación de juegos de suerte y azar distintos de loterías permanentes; permisos de rifas menores se otorgan por alcaldes; recursos se destinan a fondos locales de salud; reglamentación a cargo del Gobierno."
"286","Disposición de Activos Públicos","Condiciones preferenciales","Administración Pública, Seguridad Social, Salud, Contratación, Patrimonio","Las entidades públicas que enajenen bienes o contraten prestación de servicios podrán otorgar condiciones preferenciales a exfuncionarios o personas jurídicas constituidas por ellos, sin trato preferencial sobre otros oferentes y sin exigir tiempo de desvinculación para inhabilidades legales."
"287","Actividades de Intermediarios","Promoción y administración","Seguridad Social, Salud, Pensiones, Cesantías, Intermediarios, Finanzas","EPS, AFP y administradoras de cesantías pueden realizar promoción, ventas, administración de afiliados y gestión de recursos mediante instituciones financieras o intermediarios, regulados por Gobierno."
"288","Aplicación de Normas","Comparación con leyes anteriores","Seguridad Social, Derecho, Laboral, Público","Todo trabajador o servidor público tiene derecho a aplicar cualquier norma de esta Ley que sea favorable frente a leyes anteriores sobre la misma materia, siempre que se someta a la totalidad de disposiciones de esta Ley."
"289","Vigencia y Derogatorias","Inicio y normas derogadas","Seguridad Social, Derecho, Laboral, Administración Pública, Derogación","La Ley rige desde su publicación, salvaguarda derechos adquiridos y deroga normas contrarias, incluyendo artículos de leyes previas específicas del Código Sustantivo del Trabajo y otras normas relacionadas."

